-- MySQL dump 10.13  Distrib 8.0.19, for Win64 (x86_64)
--
-- Host: localhost    Database: tra
-- ------------------------------------------------------
-- Server version	8.0.19

/*!40101 SET @OLD_CHARACTER_SET_CLIENT=@@CHARACTER_SET_CLIENT */;
/*!40101 SET @OLD_CHARACTER_SET_RESULTS=@@CHARACTER_SET_RESULTS */;
/*!40101 SET @OLD_COLLATION_CONNECTION=@@COLLATION_CONNECTION */;
/*!50503 SET NAMES utf8 */;
/*!40103 SET @OLD_TIME_ZONE=@@TIME_ZONE */;
/*!40103 SET TIME_ZONE='+00:00' */;
/*!40014 SET @OLD_UNIQUE_CHECKS=@@UNIQUE_CHECKS, UNIQUE_CHECKS=0 */;
/*!40014 SET @OLD_FOREIGN_KEY_CHECKS=@@FOREIGN_KEY_CHECKS, FOREIGN_KEY_CHECKS=0 */;
/*!40101 SET @OLD_SQL_MODE=@@SQL_MODE, SQL_MODE='NO_AUTO_VALUE_ON_ZERO' */;
/*!40111 SET @OLD_SQL_NOTES=@@SQL_NOTES, SQL_NOTES=0 */;

--
-- Table structure for table `movie`
--

DROP TABLE IF EXISTS `movie`;
/*!40101 SET @saved_cs_client     = @@character_set_client */;
/*!50503 SET character_set_client = utf8mb4 */;
CREATE TABLE `movie` (
  `movieTitle` varchar(255) NOT NULL,
  `dateReleased` varchar(255) DEFAULT NULL,
  `movieLength` int DEFAULT NULL,
  `genre` varchar(255) DEFAULT NULL,
  PRIMARY KEY (`movieTitle`)
) ENGINE=InnoDB DEFAULT CHARSET=utf8mb4 COLLATE=utf8mb4_0900_ai_ci;
/*!40101 SET character_set_client = @saved_cs_client */;

--
-- Dumping data for table `movie`
--

LOCK TABLES `movie` WRITE;
/*!40000 ALTER TABLE `movie` DISABLE KEYS */;
INSERT INTO `movie` VALUES ('Ghost Cat','2003',92,'Mystery, Thriller'),('Inception','July 16, 2010',148,'Thriller, Sci Fi, Action'),('Interstellar','November 7, 2014',165,'Adventure, Drama, Sci Fi'),('Knives Out','November 27, 2019',130,'Mystery, Thriller, Drama'),('The Cat That Came Back','2003',92,'Mystery, Thriller');
/*!40000 ALTER TABLE `movie` ENABLE KEYS */;
UNLOCK TABLES;

--
-- Table structure for table `seat`
--

DROP TABLE IF EXISTS `seat`;
/*!40101 SET @saved_cs_client     = @@character_set_client */;
/*!50503 SET character_set_client = utf8mb4 */;
CREATE TABLE `seat` (
  `seatNumber` int NOT NULL,
  `seatMapID` int NOT NULL,
  `vacant` varchar(255) DEFAULT NULL
) ENGINE=InnoDB DEFAULT CHARSET=utf8mb4 COLLATE=utf8mb4_0900_ai_ci;
/*!40101 SET character_set_client = @saved_cs_client */;

--
-- Dumping data for table `seat`
--

LOCK TABLES `seat` WRITE;
/*!40000 ALTER TABLE `seat` DISABLE KEYS */;
INSERT INTO `seat` VALUES (1,1,'1'),(2,1,'1'),(3,1,'1'),(4,1,'1'),(5,1,'1'),(6,1,'1'),(7,1,'1'),(8,1,'1'),(9,1,'1'),(10,1,'1'),(11,1,'1'),(12,1,'1'),(13,1,'1'),(14,1,'1'),(15,1,'1'),(16,1,'1'),(17,1,'1'),(18,1,'1'),(19,1,'1'),(20,1,'1'),(21,1,'1'),(22,1,'1'),(23,1,'1'),(24,1,'1'),(25,1,'1'),(26,1,'1'),(27,1,'1'),(28,1,'1'),(29,1,'1'),(30,1,'1'),(31,1,'1'),(32,1,'1'),(33,1,'1'),(34,1,'1'),(35,1,'1'),(36,1,'1'),(37,1,'1'),(38,1,'1'),(39,1,'1'),(40,1,'1'),(41,1,'1'),(42,1,'1'),(43,1,'1'),(44,1,'1'),(45,1,'1'),(46,1,'1'),(47,1,'1'),(48,1,'1'),(49,1,'1'),(50,1,'1'),(51,1,'1'),(52,1,'1'),(53,1,'1'),(54,1,'1'),(55,1,'1'),(56,1,'1'),(57,1,'1'),(58,1,'1'),(59,1,'1'),(60,1,'1'),(61,1,'1'),(62,1,'1'),(63,1,'1'),(64,1,'1'),(65,1,'1'),(66,1,'1'),(67,1,'1'),(68,1,'1'),(69,1,'1'),(70,1,'1'),(71,1,'1'),(72,1,'1'),(73,1,'1'),(74,1,'1'),(75,1,'1'),(76,1,'1'),(77,1,'1'),(78,1,'1'),(79,1,'1'),(80,1,'1'),(81,1,'1'),(82,1,'1'),(83,1,'1'),(84,1,'1'),(85,1,'1'),(86,1,'1'),(87,1,'1'),(88,1,'1'),(89,1,'1'),(90,1,'1'),(91,1,'1'),(92,1,'1'),(93,1,'1'),(94,1,'1'),(95,1,'1'),(96,1,'1'),(97,1,'1'),(98,1,'1'),(99,1,'1'),(100,1,'1'),(101,1,'1'),(102,1,'1'),(103,1,'1'),(104,1,'1'),(105,1,'1'),(106,1,'1'),(107,1,'1'),(108,1,'1'),(109,1,'1'),(110,1,'1'),(111,1,'1'),(112,1,'1'),(113,1,'1'),(114,1,'1'),(115,1,'1'),(116,1,'1'),(117,1,'1'),(118,1,'1'),(119,1,'1'),(120,1,'1'),(121,1,'1'),(122,1,'1'),(123,1,'1'),(124,1,'1'),(125,1,'1'),(126,1,'1'),(127,1,'1'),(128,1,'1'),(129,1,'1'),(130,1,'1'),(131,1,'1'),(132,1,'1'),(133,1,'1'),(134,1,'1'),(135,1,'1'),(136,1,'1'),(137,1,'1'),(138,1,'1'),(139,1,'1'),(140,1,'1'),(141,1,'1'),(142,1,'1'),(143,1,'1'),(144,1,'1'),(145,1,'1'),(146,1,'1'),(147,1,'1'),(148,1,'1'),(149,1,'1'),(150,1,'1'),(151,1,'1'),(152,1,'1'),(153,1,'1'),(154,1,'1'),(155,1,'1'),(156,1,'1'),(157,1,'1'),(158,1,'1'),(159,1,'1'),(160,1,'1'),(161,1,'1'),(162,1,'1'),(163,1,'1'),(164,1,'1'),(165,1,'1'),(166,1,'1'),(167,1,'1'),(168,1,'1'),(169,1,'1'),(170,1,'1'),(171,1,'1'),(172,1,'1'),(173,1,'1'),(174,1,'1'),(175,1,'1'),(176,1,'1'),(177,1,'1'),(178,1,'1'),(179,1,'1'),(180,1,'1'),(181,1,'1'),(182,1,'1'),(183,1,'1'),(184,1,'1'),(185,1,'1'),(186,1,'1'),(187,1,'1'),(188,1,'1'),(189,1,'1'),(190,1,'1'),(191,1,'1'),(192,1,'1'),(193,1,'1'),(194,1,'1'),(195,1,'1'),(196,1,'1'),(197,1,'1'),(198,1,'1'),(199,1,'1'),(200,1,'1'),(201,1,'1'),(202,1,'1'),(203,1,'1'),(204,1,'1'),(205,1,'1'),(206,1,'1'),(207,1,'1'),(208,1,'1'),(209,1,'1'),(210,1,'1'),(211,1,'1'),(212,1,'1'),(213,1,'1'),(214,1,'1'),(215,1,'1'),(216,1,'1'),(217,1,'1'),(218,1,'1'),(219,1,'1'),(220,1,'1'),(221,1,'1'),(222,1,'1'),(223,1,'1'),(224,1,'1'),(225,1,'1'),(226,1,'1'),(227,1,'1'),(228,1,'1'),(229,1,'1'),(230,1,'1'),(231,1,'1'),(232,1,'1'),(233,1,'1'),(234,1,'1'),(235,1,'1'),(236,1,'1'),(237,1,'1'),(238,1,'1'),(239,1,'1'),(240,1,'1'),(1,2,'1'),(2,2,'1'),(3,2,'1'),(4,2,'1'),(5,2,'1'),(6,2,'1'),(7,2,'1'),(8,2,'1'),(9,2,'1'),(10,2,'1'),(11,2,'1'),(12,2,'1'),(13,2,'1'),(14,2,'1'),(15,2,'1'),(16,2,'1'),(17,2,'1'),(18,2,'1'),(19,2,'1'),(20,2,'1'),(21,2,'1'),(22,2,'1'),(23,2,'1'),(24,2,'1'),(25,2,'1'),(26,2,'1'),(27,2,'1'),(28,2,'1'),(29,2,'1'),(30,2,'1'),(31,2,'1'),(32,2,'1'),(33,2,'1'),(34,2,'1'),(35,2,'1'),(36,2,'1'),(37,2,'1'),(38,2,'1'),(39,2,'1'),(40,2,'1'),(41,2,'1'),(42,2,'1'),(43,2,'1'),(44,2,'1'),(45,2,'1'),(46,2,'1'),(47,2,'1'),(48,2,'1'),(49,2,'1'),(50,2,'1'),(51,2,'1'),(52,2,'1'),(53,2,'1'),(54,2,'1'),(55,2,'1'),(56,2,'1'),(57,2,'1'),(58,2,'1'),(59,2,'1'),(60,2,'1'),(61,2,'1'),(62,2,'1'),(63,2,'1'),(64,2,'1'),(65,2,'1'),(66,2,'1'),(67,2,'1'),(68,2,'1'),(69,2,'1'),(70,2,'1'),(71,2,'1'),(72,2,'1'),(73,2,'1'),(74,2,'1'),(75,2,'1'),(76,2,'1'),(77,2,'1'),(78,2,'1'),(79,2,'1'),(80,2,'1'),(81,2,'1'),(82,2,'1'),(83,2,'1'),(84,2,'1'),(85,2,'1'),(86,2,'1'),(87,2,'1'),(88,2,'1'),(89,2,'1'),(90,2,'1'),(91,2,'1'),(92,2,'1'),(93,2,'1'),(94,2,'1'),(95,2,'1'),(96,2,'1'),(97,2,'1'),(98,2,'1'),(99,2,'1'),(100,2,'1'),(101,2,'1'),(102,2,'1'),(103,2,'1'),(104,2,'1'),(105,2,'1'),(106,2,'1'),(107,2,'1'),(108,2,'1'),(109,2,'1'),(110,2,'1'),(111,2,'1'),(112,2,'1'),(113,2,'1'),(114,2,'1'),(115,2,'1'),(116,2,'1'),(117,2,'1'),(118,2,'1'),(119,2,'1'),(120,2,'1'),(121,2,'1'),(122,2,'1'),(123,2,'1'),(124,2,'1'),(125,2,'1'),(126,2,'1'),(127,2,'1'),(128,2,'1'),(129,2,'1'),(130,2,'1'),(131,2,'1'),(132,2,'1'),(133,2,'1'),(134,2,'1'),(135,2,'1'),(136,2,'1'),(137,2,'1'),(138,2,'1'),(139,2,'1'),(140,2,'1'),(141,2,'1'),(142,2,'1'),(143,2,'1'),(144,2,'1'),(145,2,'1'),(146,2,'1'),(147,2,'1'),(148,2,'1'),(149,2,'1'),(150,2,'1'),(151,2,'1'),(152,2,'1'),(153,2,'1'),(154,2,'1'),(155,2,'1'),(156,2,'1'),(157,2,'1'),(158,2,'1'),(159,2,'1'),(160,2,'1'),(161,2,'1'),(162,2,'1'),(163,2,'1'),(164,2,'1'),(165,2,'1'),(166,2,'1'),(167,2,'1'),(168,2,'1'),(169,2,'1'),(170,2,'1'),(171,2,'1'),(172,2,'1'),(173,2,'1'),(174,2,'1'),(175,2,'1'),(176,2,'1'),(177,2,'1'),(178,2,'1'),(179,2,'1'),(180,2,'1'),(181,2,'1'),(182,2,'1'),(183,2,'1'),(184,2,'1'),(185,2,'1'),(186,2,'1'),(187,2,'1'),(188,2,'1'),(189,2,'1'),(190,2,'1'),(191,2,'1'),(192,2,'1'),(193,2,'1'),(194,2,'1'),(195,2,'1'),(196,2,'1'),(197,2,'1'),(198,2,'1'),(199,2,'1'),(200,2,'1'),(201,2,'1'),(202,2,'1'),(203,2,'1'),(204,2,'1'),(205,2,'1'),(206,2,'1'),(207,2,'1'),(208,2,'1'),(209,2,'1'),(210,2,'1'),(211,2,'1'),(212,2,'1'),(213,2,'1'),(214,2,'1'),(215,2,'1'),(216,2,'1'),(217,2,'1'),(218,2,'1'),(219,2,'1'),(220,2,'1'),(221,2,'1'),(222,2,'1'),(223,2,'1'),(224,2,'1'),(225,2,'1'),(226,2,'1'),(227,2,'1'),(228,2,'1'),(229,2,'1'),(230,2,'1'),(231,2,'1'),(232,2,'1'),(233,2,'1'),(234,2,'1'),(235,2,'1'),(236,2,'1'),(237,2,'1'),(238,2,'1'),(239,2,'1'),(240,2,'1'),(1,3,'1'),(2,3,'1'),(3,3,'1'),(4,3,'1'),(5,3,'1'),(6,3,'1'),(7,3,'1'),(8,3,'1'),(9,3,'1'),(10,3,'1'),(11,3,'1'),(12,3,'1'),(13,3,'1'),(14,3,'1'),(15,3,'1'),(16,3,'1'),(17,3,'1'),(18,3,'1'),(19,3,'1'),(20,3,'1'),(21,3,'1'),(22,3,'1'),(23,3,'1'),(24,3,'1'),(25,3,'1'),(26,3,'1'),(27,3,'1'),(28,3,'1'),(29,3,'1'),(30,3,'1'),(31,3,'1'),(32,3,'1'),(33,3,'1'),(34,3,'1'),(35,3,'1'),(36,3,'1'),(37,3,'1'),(38,3,'1'),(39,3,'1'),(40,3,'1'),(41,3,'1'),(42,3,'1'),(43,3,'1'),(44,3,'1'),(45,3,'1'),(46,3,'1'),(47,3,'1'),(48,3,'1'),(49,3,'1'),(50,3,'1'),(51,3,'1'),(52,3,'1'),(53,3,'1'),(54,3,'1'),(55,3,'1'),(56,3,'1'),(57,3,'1'),(58,3,'1'),(59,3,'1'),(60,3,'1'),(61,3,'1'),(62,3,'1'),(63,3,'1'),(64,3,'1'),(65,3,'1'),(66,3,'1'),(67,3,'1'),(68,3,'1'),(69,3,'1'),(70,3,'1'),(71,3,'1'),(72,3,'1'),(73,3,'1'),(74,3,'1'),(75,3,'1'),(76,3,'1'),(77,3,'1'),(78,3,'1'),(79,3,'1'),(80,3,'1'),(81,3,'1'),(82,3,'1'),(83,3,'1'),(84,3,'1'),(85,3,'1'),(86,3,'1'),(87,3,'1'),(88,3,'1'),(89,3,'1'),(90,3,'1'),(91,3,'1'),(92,3,'1'),(93,3,'1'),(94,3,'1'),(95,3,'1'),(96,3,'1'),(97,3,'1'),(98,3,'1'),(99,3,'1'),(100,3,'1'),(101,3,'1'),(102,3,'1'),(103,3,'1'),(104,3,'1'),(105,3,'1'),(106,3,'1'),(107,3,'1'),(108,3,'1'),(109,3,'1'),(110,3,'1'),(111,3,'1'),(112,3,'1'),(113,3,'1'),(114,3,'1'),(115,3,'1'),(116,3,'1'),(117,3,'1'),(118,3,'1'),(119,3,'1'),(120,3,'1'),(121,3,'1'),(122,3,'1'),(123,3,'1'),(124,3,'1'),(125,3,'1'),(126,3,'1'),(127,3,'1'),(128,3,'1'),(129,3,'1'),(130,3,'1'),(131,3,'1'),(132,3,'1'),(133,3,'1'),(134,3,'1'),(135,3,'1'),(136,3,'1'),(137,3,'1'),(138,3,'1'),(139,3,'1'),(140,3,'1'),(141,3,'1'),(142,3,'1'),(143,3,'1'),(144,3,'1'),(145,3,'1'),(146,3,'1'),(147,3,'1'),(148,3,'1'),(149,3,'1'),(150,3,'1'),(151,3,'1'),(152,3,'1'),(153,3,'1'),(154,3,'1'),(155,3,'1'),(156,3,'1'),(157,3,'1'),(158,3,'1'),(159,3,'1'),(160,3,'1'),(161,3,'1'),(162,3,'1'),(163,3,'1'),(164,3,'1'),(165,3,'1'),(166,3,'1'),(167,3,'1'),(168,3,'1'),(169,3,'1'),(170,3,'1'),(171,3,'1'),(172,3,'1'),(173,3,'1'),(174,3,'1'),(175,3,'1'),(176,3,'1'),(177,3,'1'),(178,3,'1'),(179,3,'1'),(180,3,'1'),(181,3,'1'),(182,3,'1'),(183,3,'1'),(184,3,'1'),(185,3,'1'),(186,3,'1'),(187,3,'1'),(188,3,'1'),(189,3,'1'),(190,3,'1'),(191,3,'1'),(192,3,'1'),(193,3,'1'),(194,3,'1'),(195,3,'1'),(196,3,'1'),(197,3,'1'),(198,3,'1'),(199,3,'1'),(200,3,'1'),(201,3,'1'),(202,3,'1'),(203,3,'1'),(204,3,'1'),(205,3,'1'),(206,3,'1'),(207,3,'1'),(208,3,'1'),(209,3,'1'),(210,3,'1'),(211,3,'1'),(212,3,'1'),(213,3,'1'),(214,3,'1'),(215,3,'1'),(216,3,'1'),(217,3,'1'),(218,3,'1'),(219,3,'1'),(220,3,'1'),(221,3,'1'),(222,3,'1'),(223,3,'1'),(224,3,'1'),(225,3,'1'),(226,3,'1'),(227,3,'1'),(228,3,'1'),(229,3,'1'),(230,3,'1'),(231,3,'1'),(232,3,'1'),(233,3,'1'),(234,3,'1'),(235,3,'1'),(236,3,'1'),(237,3,'1'),(238,3,'1'),(239,3,'1'),(240,3,'1'),(1,4,'1'),(2,4,'1'),(3,4,'1'),(4,4,'1'),(5,4,'1'),(6,4,'1'),(7,4,'1'),(8,4,'1'),(9,4,'1'),(10,4,'1'),(11,4,'1'),(12,4,'1'),(13,4,'1'),(14,4,'1'),(15,4,'1'),(16,4,'1'),(17,4,'1'),(18,4,'1'),(19,4,'1'),(20,4,'1'),(21,4,'1'),(22,4,'1'),(23,4,'1'),(24,4,'1'),(25,4,'1'),(26,4,'1'),(27,4,'1'),(28,4,'1'),(29,4,'1'),(30,4,'1'),(31,4,'1'),(32,4,'1'),(33,4,'1'),(34,4,'1'),(35,4,'1'),(36,4,'1'),(37,4,'1'),(38,4,'1'),(39,4,'1'),(40,4,'1'),(41,4,'1'),(42,4,'1'),(43,4,'1'),(44,4,'1'),(45,4,'1'),(46,4,'1'),(47,4,'1'),(48,4,'1'),(49,4,'1'),(50,4,'1'),(51,4,'1'),(52,4,'1'),(53,4,'1'),(54,4,'1'),(55,4,'1'),(56,4,'1'),(57,4,'1'),(58,4,'1'),(59,4,'1'),(60,4,'1'),(61,4,'1'),(62,4,'1'),(63,4,'1'),(64,4,'1'),(65,4,'1'),(66,4,'1'),(67,4,'1'),(68,4,'1'),(69,4,'1'),(70,4,'1'),(71,4,'1'),(72,4,'1'),(73,4,'1'),(74,4,'1'),(75,4,'1'),(76,4,'1'),(77,4,'1'),(78,4,'1'),(79,4,'1'),(80,4,'1'),(81,4,'1'),(82,4,'1'),(83,4,'1'),(84,4,'1'),(85,4,'1'),(86,4,'1'),(87,4,'1'),(88,4,'1'),(89,4,'1'),(90,4,'1'),(91,4,'1'),(92,4,'1'),(93,4,'1'),(94,4,'1'),(95,4,'1'),(96,4,'1'),(97,4,'1'),(98,4,'1'),(99,4,'1'),(100,4,'1'),(101,4,'1'),(102,4,'1'),(103,4,'1'),(104,4,'1'),(105,4,'1'),(106,4,'1'),(107,4,'1'),(108,4,'1'),(109,4,'1'),(110,4,'1'),(111,4,'1'),(112,4,'1'),(113,4,'1'),(114,4,'1'),(115,4,'1'),(116,4,'1'),(117,4,'1'),(118,4,'1'),(119,4,'1'),(120,4,'1'),(121,4,'1'),(122,4,'1'),(123,4,'1'),(124,4,'1'),(125,4,'1'),(126,4,'1'),(127,4,'1'),(128,4,'1'),(129,4,'1'),(130,4,'1'),(131,4,'1'),(132,4,'1'),(133,4,'1'),(134,4,'1'),(135,4,'1'),(136,4,'1'),(137,4,'1'),(138,4,'1'),(139,4,'1'),(140,4,'1'),(141,4,'1'),(142,4,'1'),(143,4,'1'),(144,4,'1'),(145,4,'1'),(146,4,'1'),(147,4,'1'),(148,4,'1'),(149,4,'1'),(150,4,'1'),(151,4,'1'),(152,4,'1'),(153,4,'1'),(154,4,'1'),(155,4,'1'),(156,4,'1'),(157,4,'1'),(158,4,'1'),(159,4,'1'),(160,4,'1'),(161,4,'1'),(162,4,'1'),(163,4,'1'),(164,4,'1'),(165,4,'1'),(166,4,'1'),(167,4,'1'),(168,4,'1'),(169,4,'1'),(170,4,'1'),(171,4,'1'),(172,4,'1'),(173,4,'1'),(174,4,'1'),(175,4,'1'),(176,4,'1'),(177,4,'1'),(178,4,'1'),(179,4,'1'),(180,4,'1'),(181,4,'1'),(182,4,'1'),(183,4,'1'),(184,4,'1'),(185,4,'1'),(186,4,'1'),(187,4,'1'),(188,4,'1'),(189,4,'1'),(190,4,'1'),(191,4,'1'),(192,4,'1'),(193,4,'1'),(194,4,'1'),(195,4,'1'),(196,4,'1'),(197,4,'1'),(198,4,'1'),(199,4,'1'),(200,4,'1'),(1,5,'1'),(2,5,'1'),(3,5,'1'),(4,5,'1'),(5,5,'1'),(6,5,'1'),(7,5,'1'),(8,5,'1'),(9,5,'1'),(10,5,'1'),(11,5,'1'),(12,5,'1'),(13,5,'1'),(14,5,'1'),(15,5,'1'),(16,5,'1'),(17,5,'1'),(18,5,'1'),(19,5,'1'),(20,5,'1'),(21,5,'1'),(22,5,'1'),(23,5,'1'),(24,5,'1'),(25,5,'1'),(26,5,'1'),(27,5,'1'),(28,5,'1'),(29,5,'1'),(30,5,'1'),(31,5,'1'),(32,5,'1'),(33,5,'1'),(34,5,'1'),(35,5,'1'),(36,5,'1'),(37,5,'1'),(38,5,'1'),(39,5,'1'),(40,5,'1'),(41,5,'1'),(42,5,'1'),(43,5,'1'),(44,5,'1'),(45,5,'1'),(46,5,'1'),(47,5,'1'),(48,5,'1'),(49,5,'1'),(50,5,'1'),(51,5,'1'),(52,5,'1'),(53,5,'1'),(54,5,'1'),(55,5,'1'),(56,5,'1'),(57,5,'1'),(58,5,'1'),(59,5,'1'),(60,5,'1'),(61,5,'1'),(62,5,'1'),(63,5,'1'),(64,5,'1'),(65,5,'1'),(66,5,'1'),(67,5,'1'),(68,5,'1'),(69,5,'1'),(70,5,'1'),(71,5,'1'),(72,5,'1'),(73,5,'1'),(74,5,'1'),(75,5,'1'),(76,5,'1'),(77,5,'1'),(78,5,'1'),(79,5,'1'),(80,5,'1'),(81,5,'1'),(82,5,'1'),(83,5,'1'),(84,5,'1'),(85,5,'1'),(86,5,'1'),(87,5,'1'),(88,5,'1'),(89,5,'1'),(90,5,'1'),(91,5,'1'),(92,5,'1'),(93,5,'1'),(94,5,'1'),(95,5,'1'),(96,5,'1'),(97,5,'1'),(98,5,'1'),(99,5,'1'),(100,5,'1'),(101,5,'1'),(102,5,'1'),(103,5,'1'),(104,5,'1'),(105,5,'1'),(106,5,'1'),(107,5,'1'),(108,5,'1'),(109,5,'1'),(110,5,'1'),(111,5,'1'),(112,5,'1'),(113,5,'1'),(114,5,'1'),(115,5,'1'),(116,5,'1'),(117,5,'1'),(118,5,'1'),(119,5,'1'),(120,5,'1'),(121,5,'1'),(122,5,'1'),(123,5,'1'),(124,5,'1'),(125,5,'1'),(126,5,'1'),(127,5,'1'),(128,5,'1'),(129,5,'1'),(130,5,'1'),(131,5,'1'),(132,5,'1'),(133,5,'1'),(134,5,'1'),(135,5,'1'),(136,5,'1'),(137,5,'1'),(138,5,'1'),(139,5,'1'),(140,5,'1'),(141,5,'1'),(142,5,'1'),(143,5,'1'),(144,5,'1'),(145,5,'1'),(146,5,'1'),(147,5,'1'),(148,5,'1'),(149,5,'1'),(150,5,'1'),(151,5,'1'),(152,5,'1'),(153,5,'1'),(154,5,'1'),(155,5,'1'),(156,5,'1'),(157,5,'1'),(158,5,'1'),(159,5,'1'),(160,5,'1'),(161,5,'1'),(162,5,'1'),(163,5,'1'),(164,5,'1'),(165,5,'1'),(166,5,'1'),(167,5,'1'),(168,5,'1'),(169,5,'1'),(170,5,'1'),(171,5,'1'),(172,5,'1'),(173,5,'1'),(174,5,'1'),(175,5,'1'),(176,5,'1'),(177,5,'1'),(178,5,'1'),(179,5,'1'),(180,5,'1'),(181,5,'1'),(182,5,'1'),(183,5,'1'),(184,5,'1'),(185,5,'1'),(186,5,'1'),(187,5,'1'),(188,5,'1'),(189,5,'1'),(190,5,'1'),(191,5,'1'),(192,5,'1'),(193,5,'1'),(194,5,'1'),(195,5,'1'),(196,5,'1'),(197,5,'1'),(198,5,'1'),(199,5,'1'),(200,5,'1'),(81,5,'1'),(82,5,'1'),(83,5,'1'),(84,5,'1'),(85,5,'1'),(86,5,'1'),(87,5,'1'),(88,5,'1'),(89,5,'1'),(90,5,'1'),(91,5,'1'),(92,5,'1'),(93,5,'1'),(94,5,'1'),(95,5,'1'),(96,5,'1'),(97,5,'1'),(98,5,'1'),(99,5,'1'),(100,5,'1'),(101,5,'1'),(102,5,'1'),(103,5,'1'),(104,5,'1'),(105,5,'1'),(106,5,'1'),(107,5,'1'),(108,5,'1'),(109,5,'1'),(110,5,'1'),(111,5,'1'),(112,5,'1'),(113,5,'1'),(114,5,'1'),(115,5,'1'),(116,5,'1'),(117,5,'1'),(118,5,'1'),(119,5,'1'),(120,5,'1'),(121,5,'1'),(122,5,'1'),(123,5,'1'),(124,5,'1'),(125,5,'1'),(126,5,'1'),(127,5,'1'),(128,5,'1'),(129,5,'1'),(130,5,'1'),(131,5,'1'),(132,5,'1'),(133,5,'1'),(134,5,'1'),(135,5,'1'),(136,5,'1'),(137,5,'1'),(138,5,'1'),(139,5,'1'),(140,5,'1'),(141,5,'1'),(142,5,'1'),(143,5,'1'),(144,5,'1'),(145,5,'1'),(146,5,'1'),(147,5,'1'),(148,5,'1'),(149,5,'1'),(150,5,'1'),(151,5,'1'),(152,5,'1'),(153,5,'1'),(154,5,'1'),(155,5,'1'),(156,5,'1'),(157,5,'1'),(158,5,'1'),(159,5,'1'),(160,5,'1'),(161,5,'1'),(162,5,'1'),(163,5,'1'),(164,5,'1'),(165,5,'1'),(166,5,'1'),(167,5,'1'),(168,5,'1'),(169,5,'1'),(170,5,'1'),(171,5,'1'),(172,5,'1'),(173,5,'1'),(174,5,'1'),(175,5,'1'),(176,5,'1'),(177,5,'1'),(178,5,'1'),(179,5,'1'),(180,5,'1'),(181,5,'1'),(182,5,'1'),(183,5,'1'),(184,5,'1'),(185,5,'1'),(186,5,'1'),(187,5,'1'),(188,5,'1'),(189,5,'1'),(190,5,'1'),(191,5,'1'),(192,5,'1'),(193,5,'1'),(194,5,'1'),(195,5,'1'),(196,5,'1'),(197,5,'1'),(198,5,'1'),(199,5,'1'),(200,5,'1');
/*!40000 ALTER TABLE `seat` ENABLE KEYS */;
UNLOCK TABLES;

--
-- Table structure for table `seatmap`
--

DROP TABLE IF EXISTS `seatmap`;
/*!40101 SET @saved_cs_client     = @@character_set_client */;
/*!50503 SET character_set_client = utf8mb4 */;
CREATE TABLE `seatmap` (
  `seatMapID` int NOT NULL,
  `reservedSeatCount` int DEFAULT NULL,
  `numberOfRows` int DEFAULT NULL,
  `numberOfAvailableSeats` int DEFAULT NULL,
  PRIMARY KEY (`seatMapID`)
) ENGINE=InnoDB DEFAULT CHARSET=utf8mb4 COLLATE=utf8mb4_0900_ai_ci;
/*!40101 SET character_set_client = @saved_cs_client */;

--
-- Dumping data for table `seatmap`
--

LOCK TABLES `seatmap` WRITE;
/*!40000 ALTER TABLE `seatmap` DISABLE KEYS */;
INSERT INTO `seatmap` VALUES (1,24,12,240),(2,24,12,240),(3,24,12,240),(4,20,10,200),(5,20,10,200);
/*!40000 ALTER TABLE `seatmap` ENABLE KEYS */;
UNLOCK TABLES;

--
-- Table structure for table `showing`
--

DROP TABLE IF EXISTS `showing`;
/*!40101 SET @saved_cs_client     = @@character_set_client */;
/*!50503 SET character_set_client = utf8mb4 */;
CREATE TABLE `showing` (
  `showingID` int NOT NULL,
  `movieTitle` varchar(255) DEFAULT NULL,
  `theatreName` varchar(255) NOT NULL,
  `seatMapID` int NOT NULL,
  `showtime` varchar(255) NOT NULL,
  PRIMARY KEY (`showingID`)
) ENGINE=InnoDB DEFAULT CHARSET=utf8mb4 COLLATE=utf8mb4_0900_ai_ci;
/*!40101 SET character_set_client = @saved_cs_client */;

--
-- Dumping data for table `showing`
--

LOCK TABLES `showing` WRITE;
/*!40000 ALTER TABLE `showing` DISABLE KEYS */;
INSERT INTO `showing` VALUES (1,'Ghost Cat','Cineplex Odeon Crowfoot Crossing',1,'2020-11-30 10:00 AM'),(2,'Inception','Cineplex Odeon Crowfoot Crossing',2,'2020-11-30 10:30 AM'),(3,'Interstellar','Cineplex Odeon Crowfoot Crossing',4,'2020-11-30 10:00 AM'),(4,'The Cat That Came Back','Scotiabank Theatre Chinook',1,'2020-11-30 10:00 AM'),(5,'Knives Out','Scotiabank Theatre Chinook',2,'2020-11-30 11:00 AM'),(7,'Inception','Scotiabank Theatre Chinook',3,'2020-11-30 10:30 AM'),(8,'Interstellar','Scotiabank Theatre Chinook',4,'2020-11-30 11:00 AM'),(9,'Ghost Cat','Scotiabank Theatre Chinook',5,'2020-11-30 10:30 AM'),(10,'Interstellar','SilverCity CrossIron Mills Cinemas',1,'2020-11-30 10:00 AM'),(11,'Inception','SilverCity CrossIron Mills Cinemas',2,'2020-11-30 10:00 AM'),(12,'Knives Out','SilverCity CrossIron Mills Cinemas',3,'2020-11-30 10:30 AM'),(13,'The Cat That Came Back','SilverCity CrossIron Mills Cinemas',4,'2020-11-30 11:00 AM'),(14,'The Cat That Came Back','Cineplex Odeon Crowfoot Crossing',1,'2020-11-30 1:00 PM'),(15,'Inception','Cineplex Odeon Crowfoot Crossing',2,'2020-11-30 1:30 PM'),(16,'Interstellar','Cineplex Odeon Crowfoot Crossing',4,'2020-11-30 1:00 PM'),(17,'The Cat That Came Back','Scotiabank Theatre Chinook',1,'2020-11-30 1:00 PM'),(18,'Knives Out','Scotiabank Theatre Chinook',2,'2020-11-30 1:30 PM'),(19,'Inception','Scotiabank Theatre Chinook',3,'2020-11-30 2:00 PM'),(20,'InterStellar','Scotiabank Theatre Chinook',4,'2020-11-30 1:30 PM'),(21,'Ghost Cat','Scotiabank Theatre Chinook',5,'2020-11-30 2:30 PM'),(22,'Interstellar','SilverCity CrossIron Mills Cinemas',1,'2020-11-30 1:00 PM'),(23,'Inception','SilverCity CrossIron Mills Cinemas',2,'2020-11-30 1:30 PM'),(24,'Ghost Cat','SilverCity CrossIron Mills Cinemas',3,'2020-11-30 2:00 PM'),(25,'The Cat That Came Back','SilverCity CrossIron Mills Cinemas',4,'2020-11-30 1:00 PM');
/*!40000 ALTER TABLE `showing` ENABLE KEYS */;
UNLOCK TABLES;

--
-- Table structure for table `theatre`
--

DROP TABLE IF EXISTS `theatre`;
/*!40101 SET @saved_cs_client     = @@character_set_client */;
/*!50503 SET character_set_client = utf8mb4 */;
CREATE TABLE `theatre` (
  `theatreName` varchar(255) NOT NULL,
  PRIMARY KEY (`theatreName`)
) ENGINE=InnoDB DEFAULT CHARSET=utf8mb4 COLLATE=utf8mb4_0900_ai_ci;
/*!40101 SET character_set_client = @saved_cs_client */;

--
-- Dumping data for table `theatre`
--

LOCK TABLES `theatre` WRITE;
/*!40000 ALTER TABLE `theatre` DISABLE KEYS */;
INSERT INTO `theatre` VALUES ('Cineplex Odeon Crowfoot Crossing'),('Scotiabank Theatre Chinook'),('SilverCity CrossIron Mills Cinemas');
/*!40000 ALTER TABLE `theatre` ENABLE KEYS */;
UNLOCK TABLES;
/*!40103 SET TIME_ZONE=@OLD_TIME_ZONE */;

/*!40101 SET SQL_MODE=@OLD_SQL_MODE */;
/*!40014 SET FOREIGN_KEY_CHECKS=@OLD_FOREIGN_KEY_CHECKS */;
/*!40014 SET UNIQUE_CHECKS=@OLD_UNIQUE_CHECKS */;
/*!40101 SET CHARACTER_SET_CLIENT=@OLD_CHARACTER_SET_CLIENT */;
/*!40101 SET CHARACTER_SET_RESULTS=@OLD_CHARACTER_SET_RESULTS */;
/*!40101 SET COLLATION_CONNECTION=@OLD_COLLATION_CONNECTION */;
/*!40111 SET SQL_NOTES=@OLD_SQL_NOTES */;

-- Dump completed on 2020-11-26 17:24:12
